{"contributors": null, "coordinates": null, "created_at": "Sun Apr 14 21:38:40 +0000 2019", "entities": {"hashtags": [], "symbols": [], "urls": [{"display_url": "twitter.com/i/web/status/1\u2026", "expanded_url": "https://twitter.com/i/web/status/1117542712713142273", "indices": [117, 140], "url": "https://t.co/ZekvdNs4CM"}], "user_mentions": [{"id": 778695234796388353, "id_str": "778695234796388353", "indices": [96, 105], "name": "UTEP RWS", "screen_name": "UTEP_RWS"}]}, "favorite_count": 1, "favorited": false, "geo": null, "id": 1117542712713142273, "id_str": "1117542712713142273", "in_reply_to_screen_name": null, "in_reply_to_status_id": null, "in_reply_to_status_id_str": null, "in_reply_to_user_id": null, "in_reply_to_user_id_str": null, "is_quote_status": true, "lang": "en", "metadata": {"iso_language_code": "en", "result_type": "recent"}, "place": {"attributes": {}, "bounding_box": {"coordinates": [[[-106.634874, 31.6206683], [-106.199987, 31.6206683], [-106.199987, 31.966068], [-106.634874, 31.966068]]], "type": "Polygon"}, "contained_within": [], "country": "United States", "country_code": "US", "full_name": "El Paso, TX", "id": "6a0a3474d8c5113c", "name": "El Paso", "place_type": "city", "url": "https://api.twitter.com/1.1/geo/id/6a0a3474d8c5113c.json"}, "possibly_sensitive": false, "quoted_status": {"contributors": null, "coordinates": null, "created_at": "Sun Apr 14 20:44:14 +0000 2019", "entities": {"hashtags": [], "symbols": [], "urls": [{"display_url": "twitter.com/i/web/status/1\u2026", "expanded_url": "https://twitter.com/i/web/status/1117529016846704640", "indices": [116, 139], "url": "https://t.co/kazcbmNEnW"}], "user_mentions": []}, "favorite_count": 19, "favorited": false, "geo": null, "id": 1117529016846704640, "id_str": "1117529016846704640", "in_reply_to_screen_name": null, "in_reply_to_status_id": null, "in_reply_to_status_id_str": null, "in_reply_to_user_id": null, "in_reply_to_user_id_str": null, "is_quote_status": true, "lang": "en", "metadata": {"iso_language_code": "en", "result_type": "recent"}, "place": null, "possibly_sensitive": false, "quoted_status_id": 1117275911399849985, "quoted_status_id_str": "1117275911399849985", "retweet_count": 3, "retweeted": false, "source": "<a href=\"http://twitter.com\" rel=\"nofollow\">Twitter Web Client</a>", "text": "What I had to say on the border wait times and how it penalizes our students, those who cross the border daily and\u2026 https://t.co/kazcbmNEnW", "truncated": true, "user": {"contributors_enabled": false, "created_at": "Mon Jul 18 15:56:36 +0000 2016", "default_profile": false, "default_profile_image": false, "description": "Political Scientist at University of Texas, El Paso. Interested in Judicial Communication and Indigenous Peoples and Law. Working with El Paso asylum seekers.", "entities": {"description": {"urls": []}, "url": {"urls": [{"display_url": "toddacurry.com", "expanded_url": "http://www.toddacurry.com", "indices": [0, 23], "url": "https://t.co/6HxFq5N68H"}]}}, "favourites_count": 14362, "follow_request_sent": null, "followers_count": 1995, "following": null, "friends_count": 1507, "geo_enabled": false, "has_extended_profile": true, "id": 755068765365149697, "id_str": "755068765365149697", "is_translation_enabled": false, "is_translator": false, "lang": "en", "listed_count": 33, "location": "El Paso, TX", "name": "Todd A. Curry", "notifications": null, "profile_background_color": "000000", "profile_background_image_url": "http://abs.twimg.com/images/themes/theme1/bg.png", "profile_background_image_url_https": "https://abs.twimg.com/images/themes/theme1/bg.png", "profile_background_tile": false, "profile_banner_url": "https://pbs.twimg.com/profile_banners/755068765365149697/1468860235", "profile_image_url": "http://pbs.twimg.com/profile_images/1099887908171993089/uM7O80Pv_normal.jpg", "profile_image_url_https": "https://pbs.twimg.com/profile_images/1099887908171993089/uM7O80Pv_normal.jpg", "profile_link_color": "ABB8C2", "profile_sidebar_border_color": "000000", "profile_sidebar_fill_color": "000000", "profile_text_color": "000000", "profile_use_background_image": false, "protected": false, "screen_name": "DrToddACurry", "statuses_count": 7118, "time_zone": null, "translator_type": "none", "url": "https://t.co/6HxFq5N68H", "utc_offset": null, "verified": false}}, "quoted_status_id": 1117529016846704640, "quoted_status_id_str": "1117529016846704640", "retweet_count": 1, "retweeted": false, "source": "<a href=\"http://twitter.com/download/iphone\" rel=\"nofollow\">Twitter for iPhone</a>", "text": "It has been a challenging year (decade) for Ju\u00e1rez students. In 2008 when I began my masters in @UTEP_RWS, a classm\u2026 https://t.co/ZekvdNs4CM", "truncated": true, "user": {"contributors_enabled": false, "created_at": "Wed Jun 06 22:15:19 +0000 2007", "default_profile": false, "default_profile_image": false, "description": "Adult orphan. Never Stop Learning \u2014 but everyone lies. Teacher, Photography, Nonfiction, Poetry, Drawing. | \ud835\udd88\ud835\udd86\ud835\udd97\ud835\udd94\ud835\udd91\ud835\udd9e\ud835\udd93 \ud835\udd97\ud835\udd8d\ud835\udd8a\ud835\udd86 \ud835\udd89\ud835\udd97\ud835\udd86\ud835\udd95\ud835\udd8a\ud835\udd98, el chuco", "entities": {"description": {"urls": []}, "url": {"urls": [{"display_url": "chacal.us", "expanded_url": "http://chacal.us", "indices": [0, 23], "url": "https://t.co/FWxDQsIY9a"}]}}, "favourites_count": 61544, "follow_request_sent": null, "followers_count": 1694, "following": null, "friends_count": 3930, "geo_enabled": true, "has_extended_profile": true, "id": 6628702, "id_str": "6628702", "is_translation_enabled": false, "is_translator": false, "lang": "en", "listed_count": 67, "location": "Foxes Arroyo/N Chaparral Park", "name": "\ud835\udd88\ud835\udd8d\ud835\udd86\ud835\udd88\ud835\udd86\ud835\udd91", "notifications": null, "profile_background_color": "000000", "profile_background_image_url": "http://abs.twimg.com/images/themes/theme1/bg.png", "profile_background_image_url_https": "https://abs.twimg.com/images/themes/theme1/bg.png", "profile_background_tile": false, "profile_banner_url": "https://pbs.twimg.com/profile_banners/6628702/1398393228", "profile_image_url": "http://pbs.twimg.com/profile_images/864975994289090560/UC6NBESu_normal.jpg", "profile_image_url_https": "https://pbs.twimg.com/profile_images/864975994289090560/UC6NBESu_normal.jpg", "profile_link_color": "6ECF63", "profile_sidebar_border_color": "E86AD3", "profile_sidebar_fill_color": "0791AD", "profile_text_color": "FCA86D", "profile_use_background_image": true, "protected": false, "screen_name": "chacal_lachaise", "statuses_count": 81357, "time_zone": null, "translator_type": "none", "url": "https://t.co/FWxDQsIY9a", "utc_offset": null, "verified": false}}
{"contributors": null, "coordinates": null, "created_at": "Sat Apr 13 21:07:19 +0000 2019", "entities": {"hashtags": [], "symbols": [], "urls": [{"display_url": "twitter.com/i/web/status/1\u2026", "expanded_url": "https://twitter.com/i/web/status/1117172438041808897", "indices": [117, 140], "url": "https://t.co/vXU5KHGpgX"}], "user_mentions": [{"id": 14099214, "id_str": "14099214", "indices": [0, 7], "name": "P. Kim Bui", "screen_name": "kimbui"}]}, "favorite_count": 2, "favorited": false, "geo": null, "id": 1117172438041808897, "id_str": "1117172438041808897", "in_reply_to_screen_name": "kimbui", "in_reply_to_status_id": 1117107746409783297, "in_reply_to_status_id_str": "1117107746409783297", "in_reply_to_user_id": 14099214, "in_reply_to_user_id_str": "14099214", "is_quote_status": false, "lang": "en", "metadata": {"iso_language_code": "en", "result_type": "recent"}, "place": {"attributes": {}, "bounding_box": {"coordinates": [[[-97.928935, 30.127892], [-97.5805133, 30.127892], [-97.5805133, 30.5187994], [-97.928935, 30.5187994]]], "type": "Polygon"}, "contained_within": [], "country": "United States", "country_code": "US", "full_name": "Austin, TX", "id": "c3f37afa9efcf94b", "name": "Austin", "place_type": "city", "url": "https://api.twitter.com/1.1/geo/id/c3f37afa9efcf94b.json"}, "possibly_sensitive": false, "retweet_count": 1, "retweeted": false, "source": "<a href=\"http://twitter.com\" rel=\"nofollow\">Twitter Web Client</a>", "text": "@kimbui Read more about our Newsroom to the Taproom series:, which highlighted stories about infrastructure in Natc\u2026 https://t.co/vXU5KHGpgX", "truncated": true, "user": {"contributors_enabled": false, "created_at": "Tue Apr 28 16:26:35 +0000 2009", "default_profile": false, "default_profile_image": false, "description": "Editor @MSTODAYnews. President @JABJ_NABJ. Past @jxnfreepress @ILTimes. Grad @Mizzou. Forever reppin @UniversityCity. RTs = prolly some Weezie lyrics", "entities": {"description": {"urls": []}, "url": {"urls": [{"display_url": "mississippitoday.org", "expanded_url": "http://mississippitoday.org", "indices": [0, 23], "url": "https://t.co/ygX9CNBV91"}]}}, "favourites_count": 11217, "follow_request_sent": null, "followers_count": 4103, "following": null, "friends_count": 2410, "geo_enabled": true, "has_extended_profile": false, "id": 36108832, "id_str": "36108832", "is_translation_enabled": false, "is_translator": false, "lang": "en", "listed_count": 131, "location": "Jackson, Miss.", "name": "R.L. Nave", "notifications": null, "profile_background_color": "000000", "profile_background_image_url": "http://abs.twimg.com/images/themes/theme9/bg.gif", "profile_background_image_url_https": "https://abs.twimg.com/images/themes/theme9/bg.gif", "profile_background_tile": false, "profile_banner_url": "https://pbs.twimg.com/profile_banners/36108832/1494786687", "profile_image_url": "http://pbs.twimg.com/profile_images/1106404805151522816/IERs7dCx_normal.jpg", "profile_image_url_https": "https://pbs.twimg.com/profile_images/1106404805151522816/IERs7dCx_normal.jpg", "profile_link_color": "1B95E0", "profile_sidebar_border_color": "000000", "profile_sidebar_fill_color": "000000", "profile_text_color": "000000", "profile_use_background_image": false, "protected": false, "screen_name": "rlnave", "statuses_count": 44180, "time_zone": null, "translator_type": "none", "url": "https://t.co/ygX9CNBV91", "utc_offset": null, "verified": false}}
{"contributors": null, "coordinates": null, "created_at": "Fri Apr 12 23:55:16 +0000 2019", "entities": {"hashtags": [], "symbols": [], "urls": [{"display_url": "twitter.com/i/web/status/1\u2026", "expanded_url": "https://twitter.com/i/web/status/1116852316207046657", "indices": [120, 143], "url": "https://t.co/xO0uWChW61"}], "user_mentions": []}, "favorite_count": 0, "favorited": false, "geo": null, "id": 1116852316207046657, "id_str": "1116852316207046657", "in_reply_to_screen_name": null, "in_reply_to_status_id": null, "in_reply_to_status_id_str": null, "in_reply_to_user_id": null, "in_reply_to_user_id_str": null, "is_quote_status": false, "lang": "en", "metadata": {"iso_language_code": "en", "result_type": "recent"}, "place": {"attributes": {}, "bounding_box": {"coordinates": [[[-95.452477, 30.076095], [-95.349469, 30.076095], [-95.349469, 30.173617], [-95.452477, 30.173617]]], "type": "Polygon"}, "contained_within": [], "country": "United States", "country_code": "US", "full_name": "Oak Ridge North, TX", "id": "0180324e104dd7b5", "name": "Oak Ridge North", "place_type": "city", "url": "https://api.twitter.com/1.1/geo/id/0180324e104dd7b5.json"}, "possibly_sensitive": false, "retweet_count": 0, "retweeted": false, "source": "<a href=\"http://twitter.com/download/android\" rel=\"nofollow\">Twitter for Android</a>", "text": "POLITICAL SPOTLIGHT: THE PARTY TO BLAME &amp;#8212; A GOP IGNORAMUS LEADS OTHER IGNORAMUSES TO SHUTDOWN THE GOVERNMENT\u2026 https://t.co/xO0uWChW61", "truncated": true, "user": {"contributors_enabled": false, "created_at": "Wed Jul 28 22:51:10 +0000 2010", "default_profile": false, "default_profile_image": false, "description": "NYC actor, artist, author https://t.co/wXd46hXMuF   poet, baseball fan, liberal democrat, free speech, blogger, \ud83d\ude0eIFB", "entities": {"description": {"urls": [{"display_url": "goo.gl/DEzcpN", "expanded_url": "http://goo.gl/DEzcpN", "indices": [26, 49], "url": "https://t.co/wXd46hXMuF"}]}, "url": {"urls": [{"display_url": "goo.gl/DEzcpN", "expanded_url": "https://goo.gl/DEzcpN", "indices": [0, 23], "url": "https://t.co/2OtZwzBNDL"}]}}, "favourites_count": 9016, "follow_request_sent": null, "followers_count": 5015, "following": null, "friends_count": 4266, "geo_enabled": true, "has_extended_profile": true, "id": 172106013, "id_str": "172106013", "is_translation_enabled": false, "is_translator": false, "lang": "en", "listed_count": 43, "location": "Houston, TX", "name": "Ren\u00e9 Abril", "notifications": null, "profile_background_color": "000000", "profile_background_image_url": "http://abs.twimg.com/images/themes/theme1/bg.png", "profile_background_image_url_https": "https://abs.twimg.com/images/themes/theme1/bg.png", "profile_background_tile": false, "profile_banner_url": "https://pbs.twimg.com/profile_banners/172106013/1525365229", "profile_image_url": "http://pbs.twimg.com/profile_images/1100660527469129728/lnHL3k6W_normal.png", "profile_image_url_https": "https://pbs.twimg.com/profile_images/1100660527469129728/lnHL3k6W_normal.png", "profile_link_color": "F58EA8", "profile_sidebar_border_color": "000000", "profile_sidebar_fill_color": "000000", "profile_text_color": "000000", "profile_use_background_image": false, "protected": false, "screen_name": "renerabril", "statuses_count": 106470, "time_zone": null, "translator_type": "none", "url": "https://t.co/2OtZwzBNDL", "utc_offset": null, "verified": false}}
{"contributors": null, "coordinates": null, "created_at": "Fri Apr 12 01:17:06 +0000 2019", "entities": {"hashtags": [], "symbols": [], "urls": [{"display_url": "twitter.com/i/web/status/1\u2026", "expanded_url": "https://twitter.com/i/web/status/1116510520520126467", "indices": [117, 140], "url": "https://t.co/L395AYISUL"}], "user_mentions": [{"id": 206684676, "id_str": "206684676", "indices": [0, 12], "name": "Katherine Ramsland", "screen_name": "KatRamsland"}]}, "favorite_count": 0, "favorited": false, "geo": null, "id": 1116510520520126467, "id_str": "1116510520520126467", "in_reply_to_screen_name": "KatRamsland", "in_reply_to_status_id": null, "in_reply_to_status_id_str": null, "in_reply_to_user_id": 206684676, "in_reply_to_user_id_str": "206684676", "is_quote_status": false, "lang": "en", "metadata": {"iso_language_code": "en", "result_type": "recent"}, "place": {"attributes": {}, "bounding_box": {"coordinates": [[[-98.361306, 29.53047], [-98.318549, 29.53047], [-98.318549, 29.581166], [-98.361306, 29.581166]]], "type": "Polygon"}, "contained_within": [], "country": "United States", "country_code": "US", "full_name": "Live Oak, TX", "id": "90ff9cc0c4682e60", "name": "Live Oak", "place_type": "city", "url": "https://api.twitter.com/1.1/geo/id/90ff9cc0c4682e60.json"}, "retweet_count": 0, "retweeted": false, "source": "<a href=\"http://twitter.com/download/android\" rel=\"nofollow\">Twitter for Android</a>", "text": "@KatRamsland Pelosi, asked Thursday what should be done at the border, said the bipartisan legislation Trump signed\u2026 https://t.co/L395AYISUL", "truncated": true, "user": {"contributors_enabled": false, "created_at": "Tue Sep 28 17:44:50 +0000 2010", "default_profile": true, "default_profile_image": false, "description": "I work for AT&T as a cable splicer.", "entities": {"description": {"urls": []}}, "favourites_count": 414, "follow_request_sent": null, "followers_count": 231, "following": null, "friends_count": 133, "geo_enabled": true, "has_extended_profile": false, "id": 196249823, "id_str": "196249823", "is_translation_enabled": false, "is_translator": false, "lang": "en", "listed_count": 28, "location": "San Antonio", "name": "Kelly Cash", "notifications": null, "profile_background_color": "C0DEED", "profile_background_image_url": "http://abs.twimg.com/images/themes/theme1/bg.png", "profile_background_image_url_https": "https://abs.twimg.com/images/themes/theme1/bg.png", "profile_background_tile": false, "profile_banner_url": "https://pbs.twimg.com/profile_banners/196249823/1478986412", "profile_image_url": "http://pbs.twimg.com/profile_images/984944916697636864/yOOi5jBy_normal.jpg", "profile_image_url_https": "https://pbs.twimg.com/profile_images/984944916697636864/yOOi5jBy_normal.jpg", "profile_link_color": "1DA1F2", "profile_sidebar_border_color": "C0DEED", "profile_sidebar_fill_color": "DDEEF6", "profile_text_color": "333333", "profile_use_background_image": true, "protected": false, "screen_name": "Enginethatcan", "statuses_count": 381609, "time_zone": null, "translator_type": "none", "url": null, "utc_offset": null, "verified": false}}
{"contributors": null, "coordinates": null, "created_at": "Thu Apr 11 16:10:53 +0000 2019", "entities": {"hashtags": [], "symbols": [], "urls": [{"display_url": "twitter.com/i/web/status/1\u2026", "expanded_url": "https://twitter.com/i/web/status/1116373059475247105", "indices": [117, 140], "url": "https://t.co/UJsLZiETSk"}], "user_mentions": [{"id": 133589460, "id_str": "133589460", "indices": [15, 27], "name": "FIELHOUSTON", "screen_name": "FIELHouston"}]}, "favorite_count": 4, "favorited": false, "geo": null, "id": 1116373059475247105, "id_str": "1116373059475247105", "in_reply_to_screen_name": null, "in_reply_to_status_id": null, "in_reply_to_status_id_str": null, "in_reply_to_user_id": null, "in_reply_to_user_id_str": null, "is_quote_status": false, "lang": "en", "metadata": {"iso_language_code": "en", "result_type": "recent"}, "place": {"attributes": {}, "bounding_box": {"coordinates": [[[-95.498551, 29.720412], [-95.498551, 29.720412], [-95.498551, 29.720412], [-95.498551, 29.720412]]], "type": "Polygon"}, "contained_within": [], "country": "United States", "country_code": "US", "full_name": "FIEL Houston Inc.", "id": "0caa9c813b54f005", "name": "FIEL Houston Inc.", "place_type": "poi", "url": "https://api.twitter.com/1.1/geo/id/0caa9c813b54f005.json"}, "possibly_sensitive": false, "retweet_count": 9, "retweeted": false, "source": "<a href=\"http://twitter.com/download/iphone\" rel=\"nofollow\">Twitter for iPhone</a>", "text": "Happening now: @FIELHouston news conference concerning an 11 year-old girl whose family claims will be deported ALO\u2026 https://t.co/UJsLZiETSk", "truncated": true, "user": {"contributors_enabled": false, "created_at": "Wed May 06 16:15:33 +0000 2009", "default_profile": false, "default_profile_image": false, "description": "@KHOU Reporter via WMC, WHNT, WRBL and ATL radio. Email story ideas: jmiles@khou.com. Facebook: https://t.co/V0UcXEh5c4", "entities": {"description": {"urls": [{"display_url": "facebook.com/KHOUJasonMiles/", "expanded_url": "https://www.facebook.com/KHOUJasonMiles/", "indices": [96, 119], "url": "https://t.co/V0UcXEh5c4"}]}, "url": {"urls": [{"display_url": "khou.com", "expanded_url": "http://www.khou.com", "indices": [0, 23], "url": "https://t.co/VFd3ErCa0V"}]}}, "favourites_count": 9351, "follow_request_sent": null, "followers_count": 10989, "following": null, "friends_count": 5517, "geo_enabled": true, "has_extended_profile": true, "id": 38213679, "id_str": "38213679", "is_translation_enabled": false, "is_translator": false, "lang": "en", "listed_count": 340, "location": "Houston, TX", "name": "Jason Miles", "notifications": null, "profile_background_color": "022330", "profile_background_image_url": "http://abs.twimg.com/images/themes/theme15/bg.png", "profile_background_image_url_https": "https://abs.twimg.com/images/themes/theme15/bg.png", "profile_background_tile": false, "profile_banner_url": "https://pbs.twimg.com/profile_banners/38213679/1554072336", "profile_image_url": "http://pbs.twimg.com/profile_images/1107654947687018497/2DVwbeuA_normal.jpg", "profile_image_url_https": "https://pbs.twimg.com/profile_images/1107654947687018497/2DVwbeuA_normal.jpg", "profile_link_color": "0084B4", "profile_sidebar_border_color": "A8C7F7", "profile_sidebar_fill_color": "C0DFEC", "profile_text_color": "333333", "profile_use_background_image": true, "protected": false, "screen_name": "JMilesKHOU", "statuses_count": 34521, "time_zone": null, "translator_type": "none", "url": "https://t.co/VFd3ErCa0V", "utc_offset": null, "verified": true}}
{"contributors": null, "coordinates": null, "created_at": "Tue Apr 09 21:02:10 +0000 2019", "entities": {"hashtags": [], "symbols": [], "urls": [{"display_url": "twitter.com/i/web/status/1\u2026", "expanded_url": "https://twitter.com/i/web/status/1115721587469189120", "indices": [117, 140], "url": "https://t.co/B4J4hUxCuv"}], "user_mentions": [{"id": 1080894931311431682, "id_str": "1080894931311431682", "indices": [0, 15], "name": "Rep. Dan Crenshaw", "screen_name": "RepDanCrenshaw"}]}, "favorite_count": 20, "favorited": false, "geo": null, "id": 1115721587469189120, "id_str": "1115721587469189120", "in_reply_to_screen_name": "RepDanCrenshaw", "in_reply_to_status_id": 1115661771468156928, "in_reply_to_status_id_str": "1115661771468156928", "in_reply_to_user_id": 1080894931311431682, "in_reply_to_user_id_str": "1080894931311431682", "is_quote_status": false, "lang": "en", "metadata": {"iso_language_code": "en", "result_type": "recent"}, "place": {"attributes": {}, "bounding_box": {"coordinates": [[[-95.823268, 29.522325], [-95.069705, 29.522325], [-95.069705, 30.1546646], [-95.823268, 30.1546646]]], "type": "Polygon"}, "contained_within": [], "country": "United States", "country_code": "US", "full_name": "Houston, TX", "id": "1c69a67ad480e1b1", "name": "Houston", "place_type": "city", "url": "https://api.twitter.com/1.1/geo/id/1c69a67ad480e1b1.json"}, "retweet_count": 2, "retweeted": false, "source": "<a href=\"http://twitter.com/download/iphone\" rel=\"nofollow\">Twitter for iPhone</a>", "text": "@RepDanCrenshaw Before the government shutdown because of Trumps tantrum congress, as a group, submitted a bill for\u2026 https://t.co/B4J4hUxCuv", "truncated": true, "user": {"contributors_enabled": false, "created_at": "Fri Oct 14 21:57:45 +0000 2011", "default_profile": true, "default_profile_image": false, "description": "Industrial Construction Manger - 39 years Enjoy work, cutting horses and traveling with my children", "entities": {"description": {"urls": []}}, "favourites_count": 869, "follow_request_sent": null, "followers_count": 56, "following": null, "friends_count": 374, "geo_enabled": true, "has_extended_profile": false, "id": 391001008, "id_str": "391001008", "is_translation_enabled": false, "is_translator": false, "lang": "en", "listed_count": 0, "location": "Rosenberg, Tx", "name": "David Wilson", "notifications": null, "profile_background_color": "C0DEED", "profile_background_image_url": "http://abs.twimg.com/images/themes/theme1/bg.png", "profile_background_image_url_https": "https://abs.twimg.com/images/themes/theme1/bg.png", "profile_background_tile": false, "profile_banner_url": "https://pbs.twimg.com/profile_banners/391001008/1439138250", "profile_image_url": "http://pbs.twimg.com/profile_images/414782857857748992/4VwTkQ_X_normal.jpeg", "profile_image_url_https": "https://pbs.twimg.com/profile_images/414782857857748992/4VwTkQ_X_normal.jpeg", "profile_link_color": "1DA1F2", "profile_sidebar_border_color": "C0DEED", "profile_sidebar_fill_color": "DDEEF6", "profile_text_color": "333333", "profile_use_background_image": true, "protected": false, "screen_name": "dwilson4l", "statuses_count": 121, "time_zone": null, "translator_type": "none", "url": null, "utc_offset": null, "verified": false}}
