2019-04-14 21:38:40,"It has been a challenging year (decade) for Juárez students. In 2008 when I began my masters in @UTEP_RWS, a classm… https://t.co/ZekvdNs4CM",United States,El Paso,1,1,0.75
2019-04-13 21:07:19,"@kimbui Read more about our Newsroom to the Taproom series:, which highlighted stories about infrastructure in Natc… https://t.co/vXU5KHGpgX",United States,Austin,1,2,0.75
2019-04-12 23:55:16,POLITICAL SPOTLIGHT: THE PARTY TO BLAME &amp;#8212; A GOP IGNORAMUS LEADS OTHER IGNORAMUSES TO SHUTDOWN THE GOVERNMENT… https://t.co/xO0uWChW61,United States,Oak Ridge North,0,0,0.46875
2019-04-12 01:17:06,"@KatRamsland Pelosi, asked Thursday what should be done at the border, said the bipartisan legislation Trump signed… https://t.co/L395AYISUL",United States,Live Oak,0,0,0.5
2019-04-11 16:10:53,Happening now: @FIELHouston news conference concerning an 11 year-old girl whose family claims will be deported ALO… https://t.co/UJsLZiETSk,United States,FIEL Houston Inc.,9,4,0.5
2019-04-09 21:02:10,"@RepDanCrenshaw Before the government shutdown because of Trumps tantrum congress, as a group, submitted a bill for… https://t.co/B4J4hUxCuv",United States,Houston,2,20,0.5
