{"contributors": null, "coordinates": null, "created_at": "Tue Apr 16 21:03:13 +0000 2019", "entities": {"hashtags": [{"indices": [10, 18], "text": "AMERICA"}, {"indices": [32, 35], "text": "US"}, {"indices": [62, 74], "text": "Afghanistan"}], "symbols": [], "urls": [{"display_url": "twitter.com/i/web/status/1\u2026", "expanded_url": "https://twitter.com/i/web/status/1118258566887092225", "indices": [117, 140], "url": "https://t.co/lSGZVI6Qxc"}], "user_mentions": []}, "favorite_count": 0, "favorited": false, "geo": null, "id": 1118258566887092225, "id_str": "1118258566887092225", "in_reply_to_screen_name": null, "in_reply_to_status_id": null, "in_reply_to_status_id_str": null, "in_reply_to_user_id": null, "in_reply_to_user_id_str": null, "is_quote_status": false, "lang": "en", "metadata": {"iso_language_code": "en", "result_type": "recent"}, "place": {"attributes": {}, "bounding_box": {"coordinates": [[[-95.823268, 29.522325], [-95.069705, 29.522325], [-95.069705, 30.1546646], [-95.823268, 30.1546646]]], "type": "Polygon"}, "contained_within": [], "country": "United States", "country_code": "US", "full_name": "Houston, TX", "id": "1c69a67ad480e1b1", "name": "Houston", "place_type": "city", "url": "https://api.twitter.com/1.1/geo/id/1c69a67ad480e1b1.json"}, "retweet_count": 0, "retweeted": false, "source": "<a href=\"http://twitter.com/download/android\" rel=\"nofollow\">Twitter for Android</a>", "text": "PEEP GAME #AMERICA:\n\nA Hispanic #US military couple serves in #Afghanistan where she is killed fighting for her cou\u2026 https://t.co/lSGZVI6Qxc", "truncated": true, "user": {"contributors_enabled": false, "created_at": "Sat Jun 27 16:26:47 +0000 2009", "default_profile": false, "default_profile_image": false, "description": "Label | BUCKIT MUZIK ent Booking \u00d7 features \ud83d\udc47\ud83d\udc47\ud83d\udc47 Management team | 281-840-7353 bmeogreb@gmail.com https://t.co/GFutj0YXy1", "entities": {"description": {"urls": [{"display_url": "soundcloud.com/user-498289772", "expanded_url": "http://soundcloud.com/user-498289772", "indices": [98, 121], "url": "https://t.co/GFutj0YXy1"}]}}, "favourites_count": 664, "follow_request_sent": null, "followers_count": 1850, "following": null, "friends_count": 584, "geo_enabled": true, "has_extended_profile": false, "id": 51481236, "id_str": "51481236", "is_translation_enabled": false, "is_translator": false, "lang": "en", "listed_count": 50, "location": "Houston, TX", "name": "The boy is no one", "notifications": null, "profile_background_color": "131516", "profile_background_image_url": "http://abs.twimg.com/images/themes/theme14/bg.gif", "profile_background_image_url_https": "https://abs.twimg.com/images/themes/theme14/bg.gif", "profile_background_tile": true, "profile_banner_url": "https://pbs.twimg.com/profile_banners/51481236/1502537333", "profile_image_url": "http://pbs.twimg.com/profile_images/1116059251477233664/824Xqf0k_normal.jpg", "profile_image_url_https": "https://pbs.twimg.com/profile_images/1116059251477233664/824Xqf0k_normal.jpg", "profile_link_color": "009999", "profile_sidebar_border_color": "EEEEEE", "profile_sidebar_fill_color": "EFEFEF", "profile_text_color": "333333", "profile_use_background_image": true, "protected": false, "screen_name": "OGRebelino", "statuses_count": 30875, "time_zone": null, "translator_type": "none", "url": null, "utc_offset": null, "verified": false}}
{"contributors": null, "coordinates": null, "created_at": "Thu Apr 11 23:59:18 +0000 2019", "entities": {"hashtags": [{"indices": [79, 91], "text": "Afghanistan"}], "symbols": [], "urls": [{"display_url": "twitter.com/i/web/status/1\u2026", "expanded_url": "https://twitter.com/i/web/status/1116490942486405120", "indices": [117, 140], "url": "https://t.co/4LINzRaWww"}], "user_mentions": []}, "favorite_count": 0, "favorited": false, "geo": null, "id": 1116490942486405120, "id_str": "1116490942486405120", "in_reply_to_screen_name": null, "in_reply_to_status_id": null, "in_reply_to_status_id_str": null, "in_reply_to_user_id": null, "in_reply_to_user_id_str": null, "is_quote_status": true, "lang": "en", "metadata": {"iso_language_code": "en", "result_type": "recent"}, "place": {"attributes": {}, "bounding_box": {"coordinates": [[[-95.823268, 29.522325], [-95.069705, 29.522325], [-95.069705, 30.1546646], [-95.823268, 30.1546646]]], "type": "Polygon"}, "contained_within": [], "country": "United States", "country_code": "US", "full_name": "Houston, TX", "id": "1c69a67ad480e1b1", "name": "Houston", "place_type": "city", "url": "https://api.twitter.com/1.1/geo/id/1c69a67ad480e1b1.json"}, "possibly_sensitive": false, "quoted_status": {"contributors": null, "coordinates": null, "created_at": "Mon Apr 08 14:40:16 +0000 2019", "entities": {"hashtags": [], "symbols": [], "urls": [{"display_url": "twitter.com/i/web/status/1\u2026", "expanded_url": "https://twitter.com/i/web/status/1115263092219363330", "indices": [117, 140], "url": "https://t.co/PGzqze9e5k"}], "user_mentions": []}, "favorite_count": 15304, "favorited": false, "geo": null, "id": 1115263092219363330, "id_str": "1115263092219363330", "in_reply_to_screen_name": null, "in_reply_to_status_id": null, "in_reply_to_status_id_str": null, "in_reply_to_user_id": null, "in_reply_to_user_id_str": null, "is_quote_status": false, "lang": "en", "metadata": {"iso_language_code": "en", "result_type": "recent"}, "place": null, "possibly_sensitive": false, "retweet_count": 6133, "retweeted": false, "source": "<a href=\"http://twitter.com\" rel=\"nofollow\">Twitter Web Client</a>", "text": "In an important step to counter the Iranian regime\u2019s terrorism, the U.S. has designated the Islamic Revolutionary G\u2026 https://t.co/PGzqze9e5k", "truncated": true, "user": {"contributors_enabled": false, "created_at": "Tue Apr 24 00:20:22 +0000 2018", "default_profile": false, "default_profile_image": false, "description": "70th U.S. Secretary of @StateDept, working alongside the world\u2019s finest diplomatic corps. Husband, father, Army veteran, and proud Kansan.", "entities": {"description": {"urls": []}, "url": {"urls": [{"display_url": "state.gov", "expanded_url": "http://www.state.gov", "indices": [0, 23], "url": "https://t.co/eFqP1DyLiJ"}]}}, "favourites_count": 9, "follow_request_sent": null, "followers_count": 601132, "following": null, "friends_count": 48, "geo_enabled": false, "has_extended_profile": false, "id": 988573326376427520, "id_str": "988573326376427520", "is_translation_enabled": false, "is_translator": false, "lang": "en", "listed_count": 2611, "location": "", "name": "Secretary Pompeo", "notifications": null, "profile_background_color": "000000", "profile_background_image_url": "http://abs.twimg.com/images/themes/theme1/bg.png", "profile_background_image_url_https": "https://abs.twimg.com/images/themes/theme1/bg.png", "profile_background_tile": false, "profile_banner_url": "https://pbs.twimg.com/profile_banners/988573326376427520/1525190402", "profile_image_url": "http://pbs.twimg.com/profile_images/1014454396522934273/w_96hmja_normal.jpg", "profile_image_url_https": "https://pbs.twimg.com/profile_images/1014454396522934273/w_96hmja_normal.jpg", "profile_link_color": "1B95E0", "profile_sidebar_border_color": "000000", "profile_sidebar_fill_color": "000000", "profile_text_color": "000000", "profile_use_background_image": false, "protected": false, "screen_name": "SecPompeo", "statuses_count": 859, "time_zone": null, "translator_type": "none", "url": "https://t.co/eFqP1DyLiJ", "utc_offset": null, "verified": true}}, "quoted_status_id": 1115263092219363330, "quoted_status_id_str": "1115263092219363330", "retweet_count": 0, "retweeted": false, "source": "<a href=\"http://twitter.com/download/iphone\" rel=\"nofollow\">Twitter for iPhone</a>", "text": "Sir, what about the Taliban who kill our soldiers on an almost weekly basis in #Afghanistan? Aren\u2019t our soldiers im\u2026 https://t.co/4LINzRaWww", "truncated": true, "user": {"contributors_enabled": false, "created_at": "Thu May 21 02:02:52 +0000 2009", "default_profile": false, "default_profile_image": false, "description": "EV enthusiast.", "entities": {"description": {"urls": []}}, "favourites_count": 1248, "follow_request_sent": null, "followers_count": 198, "following": null, "friends_count": 726, "geo_enabled": true, "has_extended_profile": false, "id": 41506069, "id_str": "41506069", "is_translation_enabled": false, "is_translator": false, "lang": "en", "listed_count": 0, "location": "", "name": "Jay Patel", "notifications": null, "profile_background_color": "1A1B1F", "profile_background_image_url": "http://abs.twimg.com/images/themes/theme9/bg.gif", "profile_background_image_url_https": "https://abs.twimg.com/images/themes/theme9/bg.gif", "profile_background_tile": false, "profile_image_url": "http://pbs.twimg.com/profile_images/370845017/n1463356794_25699_5659827_normal.jpg", "profile_image_url_https": "https://pbs.twimg.com/profile_images/370845017/n1463356794_25699_5659827_normal.jpg", "profile_link_color": "2FC2EF", "profile_sidebar_border_color": "181A1E", "profile_sidebar_fill_color": "252429", "profile_text_color": "666666", "profile_use_background_image": true, "protected": false, "screen_name": "jaypatel1", "statuses_count": 802, "time_zone": null, "translator_type": "none", "url": null, "utc_offset": null, "verified": false}}
{"contributors": null, "coordinates": null, "created_at": "Tue Apr 09 21:55:03 +0000 2019", "entities": {"hashtags": [], "symbols": [], "urls": [{"display_url": "twitter.com/i/web/status/1\u2026", "expanded_url": "https://twitter.com/i/web/status/1115734897107316736", "indices": [117, 140], "url": "https://t.co/qNwni1MmVF"}], "user_mentions": []}, "favorite_count": 0, "favorited": false, "geo": null, "id": 1115734897107316736, "id_str": "1115734897107316736", "in_reply_to_screen_name": null, "in_reply_to_status_id": null, "in_reply_to_status_id_str": null, "in_reply_to_user_id": null, "in_reply_to_user_id_str": null, "is_quote_status": true, "lang": "en", "metadata": {"iso_language_code": "en", "result_type": "recent"}, "place": {"attributes": {}, "bounding_box": {"coordinates": [[[-95.823268, 29.522325], [-95.069705, 29.522325], [-95.069705, 30.1546646], [-95.823268, 30.1546646]]], "type": "Polygon"}, "contained_within": [], "country": "United States", "country_code": "US", "full_name": "Houston, TX", "id": "1c69a67ad480e1b1", "name": "Houston", "place_type": "city", "url": "https://api.twitter.com/1.1/geo/id/1c69a67ad480e1b1.json"}, "possibly_sensitive": false, "quoted_status": {"contributors": null, "coordinates": null, "created_at": "Mon Apr 08 20:48:15 +0000 2019", "entities": {"hashtags": [{"indices": [0, 5], "text": "HFAC"}], "symbols": [], "urls": [{"display_url": "twitter.com/i/web/status/1\u2026", "expanded_url": "https://twitter.com/i/web/status/1115355700560113665", "indices": [117, 140], "url": "https://t.co/VABto0VZka"}], "user_mentions": [{"id": 9624742, "id_str": "9624742", "indices": [18, 28], "name": "Department of State", "screen_name": "StateDept"}]}, "favorite_count": 73, "favorited": false, "geo": null, "id": 1115355700560113665, "id_str": "1115355700560113665", "in_reply_to_screen_name": null, "in_reply_to_status_id": null, "in_reply_to_status_id_str": null, "in_reply_to_user_id": null, "in_reply_to_user_id_str": null, "is_quote_status": false, "lang": "en", "metadata": {"iso_language_code": "en", "result_type": "recent"}, "place": {"attributes": {}, "bounding_box": {"coordinates": [[[-77.119401, 38.801826], [-76.909396, 38.801826], [-76.909396, 38.9953797], [-77.119401, 38.9953797]]], "type": "Polygon"}, "contained_within": [], "country": "United States", "country_code": "US", "full_name": "Washington, DC", "id": "01fbe706f872cb32", "name": "Washington", "place_type": "city", "url": "https://api.twitter.com/1.1/geo/id/01fbe706f872cb32.json"}, "possibly_sensitive": false, "retweet_count": 49, "retweeted": false, "source": "<a href=\"http://twitter.com\" rel=\"nofollow\">Twitter Web Client</a>", "text": "#HFAC Dems demand @StateDept let Special Representative for Afghanistan Reconciliation, Ambassador Zalmay Khalilzad\u2026 https://t.co/VABto0VZka", "truncated": true, "user": {"contributors_enabled": false, "created_at": "Wed Jul 29 14:28:03 +0000 2009", "default_profile": false, "default_profile_image": false, "description": "House committee responsible for foreign policy legislation and oversight | @RepEliotEngel, Chairman | #HFAC", "entities": {"description": {"urls": []}, "url": {"urls": [{"display_url": "foreignaffairs.house.gov", "expanded_url": "https://foreignaffairs.house.gov", "indices": [0, 23], "url": "https://t.co/ECPx7iSNMX"}]}}, "favourites_count": 98, "follow_request_sent": null, "followers_count": 39381, "following": null, "friends_count": 119, "geo_enabled": true, "has_extended_profile": false, "id": 61206798, "id_str": "61206798", "is_translation_enabled": false, "is_translator": false, "lang": "en", "listed_count": 1269, "location": "Washington, DC", "name": "House Foreign Affairs Committee", "notifications": null, "profile_background_color": "2C373D", "profile_background_image_url": "http://abs.twimg.com/images/themes/theme6/bg.gif", "profile_background_image_url_https": "https://abs.twimg.com/images/themes/theme6/bg.gif", "profile_background_tile": true, "profile_banner_url": "https://pbs.twimg.com/profile_banners/61206798/1538502283", "profile_image_url": "http://pbs.twimg.com/profile_images/1054379870493573121/vM6Slb6a_normal.jpg", "profile_image_url_https": "https://pbs.twimg.com/profile_images/1054379870493573121/vM6Slb6a_normal.jpg", "profile_link_color": "111D52", "profile_sidebar_border_color": "0F305E", "profile_sidebar_fill_color": "418FB0", "profile_text_color": "010608", "profile_use_background_image": true, "protected": false, "screen_name": "HouseForeign", "statuses_count": 9165, "time_zone": null, "translator_type": "none", "url": "https://t.co/ECPx7iSNMX", "utc_offset": null, "verified": true}}, "quoted_status_id": 1115355700560113665, "quoted_status_id_str": "1115355700560113665", "retweet_count": 0, "retweeted": false, "source": "<a href=\"http://twitter.com/download/iphone\" rel=\"nofollow\">Twitter for iPhone</a>", "text": "Khalilzad again engaging Taliban, thinking they\u2019re legit people to be dealing with, instead of elected representati\u2026 https://t.co/qNwni1MmVF", "truncated": true, "user": {"contributors_enabled": false, "created_at": "Thu May 21 02:02:52 +0000 2009", "default_profile": false, "default_profile_image": false, "description": "EV enthusiast.", "entities": {"description": {"urls": []}}, "favourites_count": 1248, "follow_request_sent": null, "followers_count": 198, "following": null, "friends_count": 726, "geo_enabled": true, "has_extended_profile": false, "id": 41506069, "id_str": "41506069", "is_translation_enabled": false, "is_translator": false, "lang": "en", "listed_count": 0, "location": "", "name": "Jay Patel", "notifications": null, "profile_background_color": "1A1B1F", "profile_background_image_url": "http://abs.twimg.com/images/themes/theme9/bg.gif", "profile_background_image_url_https": "https://abs.twimg.com/images/themes/theme9/bg.gif", "profile_background_tile": false, "profile_image_url": "http://pbs.twimg.com/profile_images/370845017/n1463356794_25699_5659827_normal.jpg", "profile_image_url_https": "https://pbs.twimg.com/profile_images/370845017/n1463356794_25699_5659827_normal.jpg", "profile_link_color": "2FC2EF", "profile_sidebar_border_color": "181A1E", "profile_sidebar_fill_color": "252429", "profile_text_color": "666666", "profile_use_background_image": true, "protected": false, "screen_name": "jaypatel1", "statuses_count": 802, "time_zone": null, "translator_type": "none", "url": null, "utc_offset": null, "verified": false}}
{"contributors": null, "coordinates": null, "created_at": "Tue Apr 09 05:03:18 +0000 2019", "entities": {"hashtags": [], "symbols": [], "urls": [{"display_url": "militarytimes.com/news/your-mili\u2026", "expanded_url": "https://www.militarytimes.com/news/your-military/2018/09/05/heres-the-blueprint-for-erik-princes-5-billion-plan-to-privatize-the-afghanistan-war/#.XKwnkXtH9rQ.twitter", "indices": [88, 111], "url": "https://t.co/8tkrqcLGRu"}], "user_mentions": []}, "favorite_count": 0, "favorited": false, "geo": null, "id": 1115480283258732544, "id_str": "1115480283258732544", "in_reply_to_screen_name": null, "in_reply_to_status_id": null, "in_reply_to_status_id_str": null, "in_reply_to_user_id": null, "in_reply_to_user_id_str": null, "is_quote_status": false, "lang": "en", "metadata": {"iso_language_code": "en", "result_type": "recent"}, "place": {"attributes": {}, "bounding_box": {"coordinates": [[[-95.823268, 29.522325], [-95.069705, 29.522325], [-95.069705, 30.1546646], [-95.823268, 30.1546646]]], "type": "Polygon"}, "contained_within": [], "country": "United States", "country_code": "US", "full_name": "Houston, TX", "id": "1c69a67ad480e1b1", "name": "Houston", "place_type": "city", "url": "https://api.twitter.com/1.1/geo/id/1c69a67ad480e1b1.json"}, "possibly_sensitive": false, "retweet_count": 0, "retweeted": false, "source": "<a href=\"http://twitter.com/download/android\" rel=\"nofollow\">Twitter for Android</a>", "text": "Here\u2019s the blueprint for Erik Prince\u2019s $5 billion plan to privatize the Afghanistan war https://t.co/8tkrqcLGRu", "truncated": false, "user": {"contributors_enabled": false, "created_at": "Mon Jul 09 20:51:02 +0000 2018", "default_profile": true, "default_profile_image": false, "description": "An Independent Free Thinker Country girl enjoying my laid back peaceful life with my hubby.", "entities": {"description": {"urls": []}}, "favourites_count": 157, "follow_request_sent": null, "followers_count": 183, "following": null, "friends_count": 249, "geo_enabled": true, "has_extended_profile": true, "id": 1016424513129545729, "id_str": "1016424513129545729", "is_translation_enabled": false, "is_translator": false, "lang": "en", "listed_count": 0, "location": "Monroe, LA/Houston, TX ", "name": "JamesNMildredHerbert", "notifications": null, "profile_background_color": "F5F8FA", "profile_background_image_url": null, "profile_background_image_url_https": null, "profile_background_tile": false, "profile_banner_url": "https://pbs.twimg.com/profile_banners/1016424513129545729/1531170704", "profile_image_url": "http://pbs.twimg.com/profile_images/1104202296097943554/oXipb10u_normal.jpg", "profile_image_url_https": "https://pbs.twimg.com/profile_images/1104202296097943554/oXipb10u_normal.jpg", "profile_link_color": "1DA1F2", "profile_sidebar_border_color": "C0DEED", "profile_sidebar_fill_color": "DDEEF6", "profile_text_color": "333333", "profile_use_background_image": true, "protected": false, "screen_name": "JamesNMildredH1", "statuses_count": 12463, "time_zone": null, "translator_type": "none", "url": null, "utc_offset": null, "verified": false}}
