2019-04-16 21:03:13,"PEEP GAME #AMERICA:

A Hispanic #US military couple serves in #Afghanistan where she is killed fighting for her cou… https://t.co/lSGZVI6Qxc",United States,Houston,0,0,0.38333333333333336
2019-04-11 23:59:18,"Sir, what about the Taliban who kill our soldiers on an almost weekly basis in #Afghanistan? Aren’t our soldiers im… https://t.co/4LINzRaWww",United States,Houston,0,0,0.5
2019-04-09 21:55:03,"Khalilzad again engaging Taliban, thinking they’re legit people to be dealing with, instead of elected representati… https://t.co/qNwni1MmVF",United States,Houston,0,0,0.7
2019-04-09 05:03:18,Here’s the blueprint for Erik Prince’s $5 billion plan to privatize the Afghanistan war https://t.co/8tkrqcLGRu,United States,Houston,0,0,0.5
